nombre,tipo_organizacion,municipio_codigo,municipio,direccion,barrio,lat,lng,responsable_nombre,telefono,instagram,horario_texto,necesita_urgente,recibe,no_recibe,notas,fuente_nombre,fuente_url
Palacio de los Deportes,alcaldia,11001,Bogotá D.C.,Calle 63 # 59A-06,Salitre (junto al Complejo Acuático El Salitre y el parque Los Novios),4.6553188,-74.0840584,,,,Todos los días de 8:00 a.m. a 8:00 p.m.,,agua_embotellada;no_perecederos;granos;aceite;enlatados;panela_azucar;cobijas;sabanas;colchonetas;toldillos;tapabocas;botiquin;guantes;jabon;cepillo_crema_dental;toallas_higienicas;papel_higienico;panales_bebe;ropa_nueva,ropa_usada_buen_estado;comida_preparada,Reportado como el punto de acopio para las donaciones que van al Chocó. · CONFLICTO ENTRE FUENTES: bogota.gov.co (nota de 'qué donar') escribe Calle 63 # 54A-06. Las demás fuentes dicen 59A-06. Confirmar el número. · SIN CONTACTO: conseguir teléfono o Instagram antes de poder verificar.,Alcaldía Mayor de Bogotá,https://bogota.gov.co/mi-ciudad/seguridad/puntos-de-donacion-en-bogota-para-damnificados-terremoto-en-colombia
Universidad Jorge Tadeo Lozano,universidad,11001,Bogotá D.C.,Carrera 4 # 22-61,Las Nieves / La Candelaria,4.6069421,-74.0679263,,,,Lunes a domingo de 8:00 a.m. a 9:00 p.m.,,agua_embotellada;no_perecederos;granos;aceite;enlatados;panela_azucar;cobijas;sabanas;colchonetas;toldillos;tapabocas;botiquin;guantes;jabon;cepillo_crema_dental;toallas_higienicas;papel_higienico;panales_bebe;ropa_nueva,ropa_usada_buen_estado;comida_preparada,SIN CONTACTO: conseguir teléfono o Instagram antes de poder verificar.,Alcaldía Mayor de Bogotá,https://bogota.gov.co/mi-ciudad/seguridad/puntos-de-donacion-en-bogota-para-damnificados-terremoto-en-colombia
Punto de acopio de Usaquén,alcaldia,11001,Bogotá D.C.,Calle 161A # 7F-55,Usaquén,4.6930109,-74.0316832,,,,Lunes a domingo de 8:00 a.m. a 9:00 p.m.,,agua_embotellada;no_perecederos;granos;aceite;enlatados;panela_azucar;cobijas;sabanas;colchonetas;toldillos;tapabocas;botiquin;guantes;jabon;cepillo_crema_dental;toallas_higienicas;papel_higienico;panales_bebe;ropa_nueva,ropa_usada_buen_estado;comida_preparada,"Las fuentes no le dan nombre propio: solo 'un punto en Usaquén'. Preguntar de qué sede se trata. · PIN APROXIMADO (ubicado por barrio, aproximado). Verificarlo al editar. · SIN CONTACTO: conseguir teléfono o Instagram antes de poder verificar.",Alcaldía Mayor de Bogotá,https://bogota.gov.co/mi-ciudad/seguridad/puntos-de-donacion-en-bogota-para-damnificados-terremoto-en-colombia
Centro Comercial Unicentro,empresa,11001,Bogotá D.C.,Carrera 15 # 124-30,Santa Bárbara / Usaquén,4.6946095,-74.0433736,,,,Lunes a domingo de 8:00 a.m. a 9:00 p.m.,,agua_embotellada;no_perecederos;granos;aceite;enlatados;panela_azucar;cobijas;sabanas;colchonetas;toldillos;tapabocas;botiquin;guantes;jabon;cepillo_crema_dental;toallas_higienicas;papel_higienico;panales_bebe;ropa_nueva,ropa_usada_buen_estado;comida_preparada,"CONFLICTO ENTRE FUENTES: Una nota de bogota.gov.co dice 9:00 a.m. a 5:00 p.m. y otra 8:00 a.m. a 9:00 p.m. Confirmar. · PIN APROXIMADO (ubicado por barrio, aproximado). Verificarlo al editar. · SIN CONTACTO: conseguir teléfono o Instagram antes de poder verificar.",Alcaldía Mayor de Bogotá,https://bogota.gov.co/mi-ciudad/seguridad/puntos-de-donacion-en-bogota-para-damnificados-terremoto-en-colombia
Cruz Roja Colombiana — sede administrativa,cruz_roja,11001,Bogotá D.C.,Carrera 24 # 73-38,,4.6533817,-74.0836331,,,,24 horas,,agua_embotellada;no_perecederos;granos;aceite;enlatados;panela_azucar;cobijas;sabanas;colchonetas;toldillos;tapabocas;botiquin;guantes;jabon;cepillo_crema_dental;toallas_higienicas;papel_higienico;panales_bebe;ropa_nueva,ropa_usada_buen_estado;comida_preparada,"PIN SIN UBICAR: quedó en el centro de la ciudad, no en la dirección. Moverlo al editar. · SIN CONTACTO: conseguir teléfono o Instagram antes de poder verificar.",Alcaldía Mayor de Bogotá,https://bogota.gov.co/mi-ciudad/seguridad/puntos-de-donacion-en-bogota-para-damnificados-terremoto-en-colombia
Estadio El Campín,alcaldia,11001,Bogotá D.C.,Avenida NQS (Carrera 30) entre Calle 53B Bis y Calle 57,Teusaquillo,4.6459495,-74.0776054,,,,,,agua_embotellada;no_perecederos;granos;aceite;enlatados;panela_azucar;cobijas;sabanas;colchonetas;toldillos;tapabocas;botiquin;guantes;jabon;cepillo_crema_dental;toallas_higienicas;papel_higienico;panales_bebe;ropa_nueva,ropa_usada_buen_estado;comida_preparada,"Sin horario en ninguna fuente. La dirección es un tramo, no una nomenclatura: preguntar por cuál portería se entrega. · SIN CONTACTO: conseguir teléfono o Instagram antes de poder verificar.",Alcaldía Mayor de Bogotá,https://bogota.gov.co/mi-ciudad/seguridad/puntos-de-donacion-en-bogota-para-damnificados-terremoto-en-colombia
Cruz Roja — SAMU Sur,cruz_roja,11001,Bogotá D.C.,Avenida Carrera 68 # 31-41 Sur,,4.6533817,-74.0836331,,,,,,agua_embotellada;no_perecederos;granos;aceite;enlatados;panela_azucar;cobijas;sabanas;colchonetas;toldillos;tapabocas;botiquin;guantes;jabon;cepillo_crema_dental;toallas_higienicas;papel_higienico;panales_bebe;ropa_nueva,ropa_usada_buen_estado;comida_preparada,"PIN SIN UBICAR: quedó en el centro de la ciudad, no en la dirección. Moverlo al editar. · SIN CONTACTO: conseguir teléfono o Instagram antes de poder verificar.",El Tiempo,https://www.eltiempo.com/colombia/otras-ciudades/como-ayudar-tras-terremoto-de-7-4-en-colombia-estos-son-los-centros-de-acopio-bancos-de-sangre-y-alimentos-canales-oficiales-y-puntos-de-donacion-3577631
Cruz Roja — SAMU Norte,cruz_roja,11001,Bogotá D.C.,Carrera 7B Bis # 132-32,,4.6533817,-74.0836331,,,,,,agua_embotellada;no_perecederos;granos;aceite;enlatados;panela_azucar;cobijas;sabanas;colchonetas;toldillos;tapabocas;botiquin;guantes;jabon;cepillo_crema_dental;toallas_higienicas;papel_higienico;panales_bebe;ropa_nueva,ropa_usada_buen_estado;comida_preparada,"El Tiempo lo escribe como 'Calle 134 - Carrera 7b bis # 132-32', que se contradice a sí mismo. Confirmar. · PIN SIN UBICAR: quedó en el centro de la ciudad, no en la dirección. Moverlo al editar. · SIN CONTACTO: conseguir teléfono o Instagram antes de poder verificar.",El Tiempo,https://www.eltiempo.com/colombia/otras-ciudades/como-ayudar-tras-terremoto-de-7-4-en-colombia-estos-son-los-centros-de-acopio-bancos-de-sangre-y-alimentos-canales-oficiales-y-puntos-de-donacion-3577631
Cruz Roja — Centro de Salvamento Acuático,cruz_roja,11001,Bogotá D.C.,Avenida La Esmeralda # 63-81,,4.6533817,-74.0836331,,,,,,agua_embotellada;no_perecederos;granos;aceite;enlatados;panela_azucar;cobijas;sabanas;colchonetas;toldillos;tapabocas;botiquin;guantes;jabon;cepillo_crema_dental;toallas_higienicas;papel_higienico;panales_bebe;ropa_nueva,ropa_usada_buen_estado;comida_preparada,"PIN SIN UBICAR: quedó en el centro de la ciudad, no en la dirección. Moverlo al editar. · SIN CONTACTO: conseguir teléfono o Instagram antes de poder verificar.",El Tiempo,https://www.eltiempo.com/colombia/otras-ciudades/como-ayudar-tras-terremoto-de-7-4-en-colombia-estos-son-los-centros-de-acopio-bancos-de-sangre-y-alimentos-canales-oficiales-y-puntos-de-donacion-3577631
Cruz Roja — bodega,cruz_roja,11001,Bogotá D.C.,Diagonal 79B # 62-53,,4.6533817,-74.0836331,,,,,,agua_embotellada;no_perecederos;granos;aceite;enlatados;panela_azucar;cobijas;sabanas;colchonetas;toldillos;tapabocas;botiquin;guantes;jabon;cepillo_crema_dental;toallas_higienicas;papel_higienico;panales_bebe;ropa_nueva,ropa_usada_buen_estado;comida_preparada,"Bodega: puede que reciba solo camiones y no público. Preguntarlo antes de publicar. · PIN SIN UBICAR: quedó en el centro de la ciudad, no en la dirección. Moverlo al editar. · SIN CONTACTO: conseguir teléfono o Instagram antes de poder verificar.",El Tiempo,https://www.eltiempo.com/colombia/otras-ciudades/como-ayudar-tras-terremoto-de-7-4-en-colombia-estos-son-los-centros-de-acopio-bancos-de-sangre-y-alimentos-canales-oficiales-y-puntos-de-donacion-3577631
Banco de Alimentos de Bogotá,fundacion,11001,Bogotá D.C.,Calle 19A # 32-50,,4.6208097,-74.0894394,,,,,,agua_embotellada;no_perecederos;granos;aceite;enlatados;panela_azucar;cobijas;sabanas;colchonetas;toldillos;tapabocas;botiquin;guantes;jabon;cepillo_crema_dental;toallas_higienicas;papel_higienico;panales_bebe;ropa_nueva,ropa_usada_buen_estado;comida_preparada,Recibe presencial. La fuente también publica cuentas bancarias: eso NO va al directorio (ver D6). · SIN CONTACTO: conseguir teléfono o Instagram antes de poder verificar.,El Tiempo,https://www.eltiempo.com/colombia/otras-ciudades/como-ayudar-tras-terremoto-de-7-4-en-colombia-estos-son-los-centros-de-acopio-bancos-de-sangre-y-alimentos-canales-oficiales-y-puntos-de-donacion-3577631
Bomberos — Estación Puente Aranda B-4,bomberos,11001,Bogotá D.C.,Calle 20 # 68A-06,Puente Aranda,4.6344035,-74.1083568,,,,,,agua_embotellada;no_perecederos;granos;aceite;enlatados;panela_azucar;cobijas;sabanas;colchonetas;toldillos;tapabocas;botiquin;guantes;jabon;cepillo_crema_dental;toallas_higienicas;papel_higienico;panales_bebe;ropa_nueva,ropa_usada_buen_estado;comida_preparada,"Estación de bomberos: reciben 24 horas por ser estación, pero confirmar si el acopio tiene horario propio. · PIN APROXIMADO (ubicado por barrio, aproximado). Verificarlo al editar. · SIN CONTACTO: conseguir teléfono o Instagram antes de poder verificar.",El Colombiano,https://www.elcolombiano.com/colombia/donde-donar-choco-centros-acopio-cuentas-oficiales-terremoto-colombia-KB39837058
Bomberos — Estación Restrepo B-3,bomberos,11001,Bogotá D.C.,Avenida Carrera 27 # 19A-20 Sur,Restrepo,4.5917923,-74.106659,,,,,,agua_embotellada;no_perecederos;granos;aceite;enlatados;panela_azucar;cobijas;sabanas;colchonetas;toldillos;tapabocas;botiquin;guantes;jabon;cepillo_crema_dental;toallas_higienicas;papel_higienico;panales_bebe;ropa_nueva,ropa_usada_buen_estado;comida_preparada,"Estación de bomberos: reciben 24 horas por ser estación, pero confirmar si el acopio tiene horario propio. · PIN APROXIMADO (ubicado por barrio, aproximado). Verificarlo al editar. · SIN CONTACTO: conseguir teléfono o Instagram antes de poder verificar.",El Colombiano,https://www.elcolombiano.com/colombia/donde-donar-choco-centros-acopio-cuentas-oficiales-terremoto-colombia-KB39837058
Bomberos — Estación Kennedy B-5,bomberos,11001,Bogotá D.C.,Carrera 79 # 41D-20 Sur,Kennedy,4.6317782,-74.1538873,,,,,,agua_embotellada;no_perecederos;granos;aceite;enlatados;panela_azucar;cobijas;sabanas;colchonetas;toldillos;tapabocas;botiquin;guantes;jabon;cepillo_crema_dental;toallas_higienicas;papel_higienico;panales_bebe;ropa_nueva,ropa_usada_buen_estado;comida_preparada,"Estación de bomberos: reciben 24 horas por ser estación, pero confirmar si el acopio tiene horario propio. · PIN APROXIMADO (ubicado por barrio, aproximado). Verificarlo al editar. · SIN CONTACTO: conseguir teléfono o Instagram antes de poder verificar.",El Colombiano,https://www.elcolombiano.com/colombia/donde-donar-choco-centros-acopio-cuentas-oficiales-terremoto-colombia-KB39837058
Bomberos — Estación Chapinero B-1,bomberos,11001,Bogotá D.C.,Calle 62 # 9A-19,Chapinero,4.636585,-74.0650204,,,,,,agua_embotellada;no_perecederos;granos;aceite;enlatados;panela_azucar;cobijas;sabanas;colchonetas;toldillos;tapabocas;botiquin;guantes;jabon;cepillo_crema_dental;toallas_higienicas;papel_higienico;panales_bebe;ropa_nueva,ropa_usada_buen_estado;comida_preparada,"Estación de bomberos: reciben 24 horas por ser estación, pero confirmar si el acopio tiene horario propio. · PIN APROXIMADO (ubicado por barrio, aproximado). Verificarlo al editar. · SIN CONTACTO: conseguir teléfono o Instagram antes de poder verificar.",El Colombiano,https://www.elcolombiano.com/colombia/donde-donar-choco-centros-acopio-cuentas-oficiales-terremoto-colombia-KB39837058
Casa Jardín Origen,ong,11001,Bogotá D.C.,Calle 38 # 29-29,Teusaquillo,4.6286663,-74.0752959,,,,Todos los días de 8:00 a.m. a 6:00 p.m.,,agua_embotellada;no_perecederos;granos;aceite;enlatados;panela_azucar;cobijas;sabanas;colchonetas;toldillos;tapabocas;botiquin;guantes;jabon;cepillo_crema_dental;toallas_higienicas;papel_higienico;panales_bebe;ropa_nueva,ropa_usada_buen_estado;comida_preparada,"Punto de la red Manos Visibles, que coordina la ayuda hacia el Chocó. · PIN APROXIMADO (ubicado por barrio, aproximado). Verificarlo al editar. · SIN CONTACTO: conseguir teléfono o Instagram antes de poder verificar.",El Colombiano,https://www.elcolombiano.com/colombia/donde-donar-choco-centros-acopio-cuentas-oficiales-terremoto-colombia-KB39837058
Human Construction,ong,11001,Bogotá D.C.,"Carrera 52A # 134D-23, local 1",,4.6533817,-74.0836331,,,,Todos los días de 8:00 a.m. a 6:00 p.m.,,agua_embotellada;no_perecederos;granos;aceite;enlatados;panela_azucar;cobijas;sabanas;colchonetas;toldillos;tapabocas;botiquin;guantes;jabon;cepillo_crema_dental;toallas_higienicas;papel_higienico;panales_bebe;ropa_nueva,ropa_usada_buen_estado;comida_preparada,"Punto de la red Manos Visibles, que coordina la ayuda hacia el Chocó. · PIN SIN UBICAR: quedó en el centro de la ciudad, no en la dirección. Moverlo al editar. · SIN CONTACTO: conseguir teléfono o Instagram antes de poder verificar.",El Colombiano,https://www.elcolombiano.com/colombia/donde-donar-choco-centros-acopio-cuentas-oficiales-terremoto-colombia-KB39837058
Fundación Catalina Muñoz,ong,11001,Bogotá D.C.,Diagonal 48 # 19-16,,4.6533817,-74.0836331,,,,Todos los días de 8:00 a.m. a 6:00 p.m.,,agua_embotellada;no_perecederos;granos;aceite;enlatados;panela_azucar;cobijas;sabanas;colchonetas;toldillos;tapabocas;botiquin;guantes;jabon;cepillo_crema_dental;toallas_higienicas;papel_higienico;panales_bebe;ropa_nueva,ropa_usada_buen_estado;comida_preparada,"Punto de la red Manos Visibles, que coordina la ayuda hacia el Chocó. · PIN SIN UBICAR: quedó en el centro de la ciudad, no en la dirección. Moverlo al editar. · SIN CONTACTO: conseguir teléfono o Instagram antes de poder verificar.",El Colombiano,https://www.elcolombiano.com/colombia/donde-donar-choco-centros-acopio-cuentas-oficiales-terremoto-colombia-KB39837058
Fundación Universitaria Juan N. Corpas,universidad,11001,Bogotá D.C.,Carrera 111 # 159A-61,,4.6533817,-74.0836331,,,,,,agua_embotellada;no_perecederos;granos;aceite;enlatados;panela_azucar;cobijas;sabanas;colchonetas;toldillos;tapabocas;botiquin;guantes;jabon;cepillo_crema_dental;toallas_higienicas;papel_higienico;panales_bebe;ropa_nueva,ropa_usada_buen_estado;comida_preparada,"En alianza con el Minuto de Dios. Confirmar horario y hasta cuándo reciben. · PIN SIN UBICAR: quedó en el centro de la ciudad, no en la dirección. Moverlo al editar. · SIN CONTACTO: conseguir teléfono o Instagram antes de poder verificar.",El Tiempo,https://www.eltiempo.com/vida/educacion/universidades-del-pais-se-movilizan-para-apoyar-a-las-victimas-del-terremoto-ingenieros-psicologos-y-centros-de-acopio-3578192
Uniagraria,universidad,11001,Bogotá D.C.,Calle 170 # 54A-10,,4.7543395,-74.0534076,,,,,,jabon;cepillo_crema_dental;toallas_higienicas;papel_higienico;panales_bebe;colchonetas;cobijas;sabanas;alimento_perro;alimento_gato,ropa_usada_buen_estado,"En alianza con la Cruz Roja. La fuente dice kits de higiene, insumos de hábitat y para mascotas: NO alimentos. Confirmar. · SIN CONTACTO: conseguir teléfono o Instagram antes de poder verificar.",El Tiempo,https://www.eltiempo.com/vida/educacion/universidades-del-pais-se-movilizan-para-apoyar-a-las-victimas-del-terremoto-ingenieros-psicologos-y-centros-de-acopio-3578192
Universidad Nacional — Capilla Cristo Maestro,universidad,11001,Bogotá D.C.,"Carrera 45 # 26-85, Ciudad Universitaria",Teusaquillo,4.6286663,-74.0752959,,,,,,agua_embotellada;no_perecederos;granos;aceite;enlatados;panela_azucar;cobijas;sabanas;colchonetas;toldillos;tapabocas;botiquin;guantes;jabon;cepillo_crema_dental;toallas_higienicas;papel_higienico;panales_bebe;ropa_nueva,ropa_usada_buen_estado;comida_preparada,"La fuente da la sede (capilla Cristo Maestro) pero no la nomenclatura: la dirección es la de la Ciudad Universitaria. Preguntar por dónde se entra. · PIN APROXIMADO (ubicado por barrio, aproximado). Verificarlo al editar. · SIN CONTACTO: conseguir teléfono o Instagram antes de poder verificar.",El Tiempo,https://www.eltiempo.com/vida/educacion/universidades-del-pais-se-movilizan-para-apoyar-a-las-victimas-del-terremoto-ingenieros-psicologos-y-centros-de-acopio-3578192
Corferias — acopio para mascotas,empresa,11001,Bogotá D.C.,Carrera 37 # 24-67,El arco de Corferias,4.6303246,-74.0924284,,,,"Del 13 al 17 de agosto, de 10:00 a.m. a 6:00 p.m.",,alimento_perro;alimento_gato;guacales;botiquin,,"SOLO MASCOTAS: concentrado, arena, guacales, correas, e insumos veterinarios (gasas, clorhexidina, suero). CIERRA EL 17 DE AGOSTO: si se publica, ponerle fecha_fin o revisarlo ese día. · SIN CONTACTO: conseguir teléfono o Instagram antes de poder verificar.",Alcaldía de Bogotá (IDPYBA),https://bogota.gov.co/mi-ciudad/ambiente/corferias-sera-centro-de-acopio-ayuda-animales-afectados-terremoto
Laika La 116,empresa,11001,Bogotá D.C.,Calle 116 # 18B-4,,4.6533817,-74.0836331,,,,,,alimento_perro;alimento_gato;guacales,,"SOLO MASCOTAS. Es una tienda: confirmar horario y hasta cuándo reciben. · PIN SIN UBICAR: quedó en el centro de la ciudad, no en la dirección. Moverlo al editar. · SIN CONTACTO: conseguir teléfono o Instagram antes de poder verificar.",El Tiempo,https://www.eltiempo.com/cultura/gente/asi-puede-donar-comida-y-articulos-para-mascotas-afectadas-por-el-terremoto-en-colombia-3577609
Laika Chapinero,empresa,11001,Bogotá D.C.,Carrera 7 # 59-34,,4.6533817,-74.0836331,,,,,,alimento_perro;alimento_gato;guacales,,"SOLO MASCOTAS. Es una tienda: confirmar horario y hasta cuándo reciben. · PIN SIN UBICAR: quedó en el centro de la ciudad, no en la dirección. Moverlo al editar. · SIN CONTACTO: conseguir teléfono o Instagram antes de poder verificar.",El Tiempo,https://www.eltiempo.com/cultura/gente/asi-puede-donar-comida-y-articulos-para-mascotas-afectadas-por-el-terremoto-en-colombia-3577609
Laika Modelia,empresa,11001,Bogotá D.C.,Avenida Calle 24 # 74A-57,,4.6533817,-74.0836331,,,,,,alimento_perro;alimento_gato;guacales,,"SOLO MASCOTAS. Es una tienda: confirmar horario y hasta cuándo reciben. · PIN SIN UBICAR: quedó en el centro de la ciudad, no en la dirección. Moverlo al editar. · SIN CONTACTO: conseguir teléfono o Instagram antes de poder verificar.",El Tiempo,https://www.eltiempo.com/cultura/gente/asi-puede-donar-comida-y-articulos-para-mascotas-afectadas-por-el-terremoto-en-colombia-3577609
Laika La 94,empresa,11001,Bogotá D.C.,Calle 94 # 13-73,,4.700673,-74.0289732,,,,,,alimento_perro;alimento_gato;guacales,,SOLO MASCOTAS. Es una tienda: confirmar horario y hasta cuándo reciben. · SIN CONTACTO: conseguir teléfono o Instagram antes de poder verificar.,El Tiempo,https://www.eltiempo.com/cultura/gente/asi-puede-donar-comida-y-articulos-para-mascotas-afectadas-por-el-terremoto-en-colombia-3577609
Centro Comercial Portal de la 80,empresa,11001,Bogotá D.C.,Centro Comercial Portal de la 80,,4.6533817,-74.0836331,,,,,,agua_embotellada;no_perecederos;granos;aceite;enlatados;panela_azucar;cobijas;sabanas;colchonetas;toldillos;tapabocas;botiquin;guantes;jabon;cepillo_crema_dental;toallas_higienicas;papel_higienico;panales_bebe;ropa_nueva,ropa_usada_buen_estado;comida_preparada,"DIRECCIÓN SIN CONFIRMAR: ACE Colombia publicó solo el nombre del centro comercial, no la nomenclatura. Conseguirla, y preguntar en qué parte del centro comercial está el punto. · PIN SIN UBICAR: quedó en el centro de la ciudad, no en la dirección. Moverlo al editar. · SIN CONTACTO: conseguir teléfono o Instagram antes de poder verificar.",Portafolio,https://www.portafolio.co/negocios/empresas/42-centros-comerciales-seran-puntos-de-acopio-para-ayudar-a-afectados-por-el-terremoto-en-colombia-500168
Centro Comercial Centro Suba,empresa,11001,Bogotá D.C.,Centro Comercial Centro Suba,,4.7372653,-74.0857893,,,,,,agua_embotellada;no_perecederos;granos;aceite;enlatados;panela_azucar;cobijas;sabanas;colchonetas;toldillos;tapabocas;botiquin;guantes;jabon;cepillo_crema_dental;toallas_higienicas;papel_higienico;panales_bebe;ropa_nueva,ropa_usada_buen_estado;comida_preparada,"DIRECCIÓN SIN CONFIRMAR: ACE Colombia publicó solo el nombre del centro comercial, no la nomenclatura. Conseguirla, y preguntar en qué parte del centro comercial está el punto. · SIN CONTACTO: conseguir teléfono o Instagram antes de poder verificar.",Portafolio,https://www.portafolio.co/negocios/empresas/42-centros-comerciales-seran-puntos-de-acopio-para-ayudar-a-afectados-por-el-terremoto-en-colombia-500168
Centro Comercial Paseo Villa del Río,empresa,11001,Bogotá D.C.,Centro Comercial Paseo Villa del Río,,4.598013,-74.1527065,,,,,,agua_embotellada;no_perecederos;granos;aceite;enlatados;panela_azucar;cobijas;sabanas;colchonetas;toldillos;tapabocas;botiquin;guantes;jabon;cepillo_crema_dental;toallas_higienicas;papel_higienico;panales_bebe;ropa_nueva,ropa_usada_buen_estado;comida_preparada,"DIRECCIÓN SIN CONFIRMAR: ACE Colombia publicó solo el nombre del centro comercial, no la nomenclatura. Conseguirla, y preguntar en qué parte del centro comercial está el punto. · SIN CONTACTO: conseguir teléfono o Instagram antes de poder verificar.",Portafolio,https://www.portafolio.co/negocios/empresas/42-centros-comerciales-seran-puntos-de-acopio-para-ayudar-a-afectados-por-el-terremoto-en-colombia-500168
Centro Comercial El Gran San,empresa,11001,Bogotá D.C.,Centro Comercial El Gran San,,4.5990606,-74.0792823,,,,,,agua_embotellada;no_perecederos;granos;aceite;enlatados;panela_azucar;cobijas;sabanas;colchonetas;toldillos;tapabocas;botiquin;guantes;jabon;cepillo_crema_dental;toallas_higienicas;papel_higienico;panales_bebe;ropa_nueva,ropa_usada_buen_estado;comida_preparada,"DIRECCIÓN SIN CONFIRMAR: ACE Colombia publicó solo el nombre del centro comercial, no la nomenclatura. Conseguirla, y preguntar en qué parte del centro comercial está el punto. · SIN CONTACTO: conseguir teléfono o Instagram antes de poder verificar.",Portafolio,https://www.portafolio.co/negocios/empresas/42-centros-comerciales-seran-puntos-de-acopio-para-ayudar-a-afectados-por-el-terremoto-en-colombia-500168
Centro Comercial Atlantis Plaza,empresa,11001,Bogotá D.C.,Centro Comercial Atlantis Plaza,,4.6661072,-74.0558166,,,,,,agua_embotellada;no_perecederos;granos;aceite;enlatados;panela_azucar;cobijas;sabanas;colchonetas;toldillos;tapabocas;botiquin;guantes;jabon;cepillo_crema_dental;toallas_higienicas;papel_higienico;panales_bebe;ropa_nueva,ropa_usada_buen_estado;comida_preparada,"DIRECCIÓN SIN CONFIRMAR: ACE Colombia publicó solo el nombre del centro comercial, no la nomenclatura. Conseguirla, y preguntar en qué parte del centro comercial está el punto. · SIN CONTACTO: conseguir teléfono o Instagram antes de poder verificar.",Portafolio,https://www.portafolio.co/negocios/empresas/42-centros-comerciales-seran-puntos-de-acopio-para-ayudar-a-afectados-por-el-terremoto-en-colombia-500168
Centro Comercial Avenida Chile,empresa,11001,Bogotá D.C.,Centro Comercial Avenida Chile,,4.6571969,-74.0577256,,,,,,agua_embotellada;no_perecederos;granos;aceite;enlatados;panela_azucar;cobijas;sabanas;colchonetas;toldillos;tapabocas;botiquin;guantes;jabon;cepillo_crema_dental;toallas_higienicas;papel_higienico;panales_bebe;ropa_nueva,ropa_usada_buen_estado;comida_preparada,"DIRECCIÓN SIN CONFIRMAR: ACE Colombia publicó solo el nombre del centro comercial, no la nomenclatura. Conseguirla, y preguntar en qué parte del centro comercial está el punto. · SIN CONTACTO: conseguir teléfono o Instagram antes de poder verificar.",Portafolio,https://www.portafolio.co/negocios/empresas/42-centros-comerciales-seran-puntos-de-acopio-para-ayudar-a-afectados-por-el-terremoto-en-colombia-500168
Centro Comercial Centro Mayor,empresa,11001,Bogotá D.C.,Centro Comercial Centro Mayor,,4.5917447,-74.1242764,,,,,,agua_embotellada;no_perecederos;granos;aceite;enlatados;panela_azucar;cobijas;sabanas;colchonetas;toldillos;tapabocas;botiquin;guantes;jabon;cepillo_crema_dental;toallas_higienicas;papel_higienico;panales_bebe;ropa_nueva,ropa_usada_buen_estado;comida_preparada,"DIRECCIÓN SIN CONFIRMAR: ACE Colombia publicó solo el nombre del centro comercial, no la nomenclatura. Conseguirla, y preguntar en qué parte del centro comercial está el punto. · SIN CONTACTO: conseguir teléfono o Instagram antes de poder verificar.",Portafolio,https://www.portafolio.co/negocios/empresas/42-centros-comerciales-seran-puntos-de-acopio-para-ayudar-a-afectados-por-el-terremoto-en-colombia-500168
Centro Comercial Plaza Imperial,empresa,11001,Bogotá D.C.,Centro Comercial Plaza Imperial,,4.6533817,-74.0836331,,,,,,agua_embotellada;no_perecederos;granos;aceite;enlatados;panela_azucar;cobijas;sabanas;colchonetas;toldillos;tapabocas;botiquin;guantes;jabon;cepillo_crema_dental;toallas_higienicas;papel_higienico;panales_bebe;ropa_nueva,ropa_usada_buen_estado;comida_preparada,"DIRECCIÓN SIN CONFIRMAR: ACE Colombia publicó solo el nombre del centro comercial, no la nomenclatura. Conseguirla, y preguntar en qué parte del centro comercial está el punto. · PIN SIN UBICAR: quedó en el centro de la ciudad, no en la dirección. Moverlo al editar. · SIN CONTACTO: conseguir teléfono o Instagram antes de poder verificar.",Portafolio,https://www.portafolio.co/negocios/empresas/42-centros-comerciales-seran-puntos-de-acopio-para-ayudar-a-afectados-por-el-terremoto-en-colombia-500168
Centro Comercial Nuestro Bogotá,empresa,11001,Bogotá D.C.,Centro Comercial Nuestro Bogotá,,4.683501,-74.1162239,,,,,,agua_embotellada;no_perecederos;granos;aceite;enlatados;panela_azucar;cobijas;sabanas;colchonetas;toldillos;tapabocas;botiquin;guantes;jabon;cepillo_crema_dental;toallas_higienicas;papel_higienico;panales_bebe;ropa_nueva,ropa_usada_buen_estado;comida_preparada,"DIRECCIÓN SIN CONFIRMAR: ACE Colombia publicó solo el nombre del centro comercial, no la nomenclatura. Conseguirla, y preguntar en qué parte del centro comercial está el punto. · SIN CONTACTO: conseguir teléfono o Instagram antes de poder verificar.",Portafolio,https://www.portafolio.co/negocios/empresas/42-centros-comerciales-seran-puntos-de-acopio-para-ayudar-a-afectados-por-el-terremoto-en-colombia-500168
Centro Comercial Plaza de las Américas,empresa,11001,Bogotá D.C.,Centro Comercial Plaza de las Américas,,4.6191423,-74.1351911,,,,,,agua_embotellada;no_perecederos;granos;aceite;enlatados;panela_azucar;cobijas;sabanas;colchonetas;toldillos;tapabocas;botiquin;guantes;jabon;cepillo_crema_dental;toallas_higienicas;papel_higienico;panales_bebe;ropa_nueva,ropa_usada_buen_estado;comida_preparada,"DIRECCIÓN SIN CONFIRMAR: ACE Colombia publicó solo el nombre del centro comercial, no la nomenclatura. Conseguirla, y preguntar en qué parte del centro comercial está el punto. · SIN CONTACTO: conseguir teléfono o Instagram antes de poder verificar.",Portafolio,https://www.portafolio.co/negocios/empresas/42-centros-comerciales-seran-puntos-de-acopio-para-ayudar-a-afectados-por-el-terremoto-en-colombia-500168
Centro Comercial Titán Plaza,empresa,11001,Bogotá D.C.,Centro Comercial Titán Plaza,,4.6960188,-74.08654,,,,,,agua_embotellada;no_perecederos;granos;aceite;enlatados;panela_azucar;cobijas;sabanas;colchonetas;toldillos;tapabocas;botiquin;guantes;jabon;cepillo_crema_dental;toallas_higienicas;papel_higienico;panales_bebe;ropa_nueva,ropa_usada_buen_estado;comida_preparada,"DIRECCIÓN SIN CONFIRMAR: ACE Colombia publicó solo el nombre del centro comercial, no la nomenclatura. Conseguirla, y preguntar en qué parte del centro comercial está el punto. · SIN CONTACTO: conseguir teléfono o Instagram antes de poder verificar.",Portafolio,https://www.portafolio.co/negocios/empresas/42-centros-comerciales-seran-puntos-de-acopio-para-ayudar-a-afectados-por-el-terremoto-en-colombia-500168
Centro Comercial Ciudad Tunal,empresa,11001,Bogotá D.C.,Centro Comercial Ciudad Tunal,,4.5778996,-74.1299316,,,,,,agua_embotellada;no_perecederos;granos;aceite;enlatados;panela_azucar;cobijas;sabanas;colchonetas;toldillos;tapabocas;botiquin;guantes;jabon;cepillo_crema_dental;toallas_higienicas;papel_higienico;panales_bebe;ropa_nueva,ropa_usada_buen_estado;comida_preparada,"DIRECCIÓN SIN CONFIRMAR: ACE Colombia publicó solo el nombre del centro comercial, no la nomenclatura. Conseguirla, y preguntar en qué parte del centro comercial está el punto. · SIN CONTACTO: conseguir teléfono o Instagram antes de poder verificar.",Portafolio,https://www.portafolio.co/negocios/empresas/42-centros-comerciales-seran-puntos-de-acopio-para-ayudar-a-afectados-por-el-terremoto-en-colombia-500168
Centro Comercial Galerías,empresa,11001,Bogotá D.C.,Centro Comercial Galerías,,4.6420459,-74.073964,,,,,,agua_embotellada;no_perecederos;granos;aceite;enlatados;panela_azucar;cobijas;sabanas;colchonetas;toldillos;tapabocas;botiquin;guantes;jabon;cepillo_crema_dental;toallas_higienicas;papel_higienico;panales_bebe;ropa_nueva,ropa_usada_buen_estado;comida_preparada,"DIRECCIÓN SIN CONFIRMAR: ACE Colombia publicó solo el nombre del centro comercial, no la nomenclatura. Conseguirla, y preguntar en qué parte del centro comercial está el punto. · SIN CONTACTO: conseguir teléfono o Instagram antes de poder verificar.",Portafolio,https://www.portafolio.co/negocios/empresas/42-centros-comerciales-seran-puntos-de-acopio-para-ayudar-a-afectados-por-el-terremoto-en-colombia-500168
Fundación Banco Arquidiocesano de Alimentos,fundacion,05001,Medellín,Carrera 52 # 30A-97,,6.2697324,-75.6025597,,,,"Lunes a domingo, de 8:00 a.m. a 5:00 p.m. (por confirmar)",,agua_embotellada;no_perecederos;granos;aceite;enlatados;panela_azucar;jabon;cepillo_crema_dental;toallas_higienicas;papel_higienico;panales_bebe;colchonetas;cobijas,medicamentos_sellados;ropa_usada_buen_estado;ropa_nueva,"La dirección no viene del anuncio del acopio sino del directorio de la sede (El Tiempo (la única fuente que publicó esta dirección)). Confirmar que ahí es donde reciben. · PIN SIN UBICAR: quedó en el centro de la ciudad, no en la dirección. Moverlo al editar. · SIN CONTACTO: conseguir teléfono o Instagram antes de poder verificar. · El Tiempo reporta 8am-5pm; Infobae dice 'entre 8:00 a.m. y 6:00 p.m., dependiendo del lugar'. Ninguna fuente da el horario punto por punto. Se carga como texto, sin franjas estructuradas: sin franjas UnAcopio no muestra el sello de 'Abierto ahora', que es justo lo correcto mientras nadie confirme.",Alcaldía de Medellín,https://www.medellin.gov.co/es/sala-de-prensa/noticias/en-10-puntos-se-recibiran-las-donaciones-para-enviar-desde-medellin-a-las-comunidades-afectadas-por-el-sismo/
Fundación Saciar,fundacion,05001,Medellín,Carrera 50 # 25-261,,6.2697324,-75.6025597,,,,"Lunes a domingo, de 8:00 a.m. a 5:00 p.m. (por confirmar)",,agua_embotellada;no_perecederos;granos;aceite;enlatados;panela_azucar;jabon;cepillo_crema_dental;toallas_higienicas;papel_higienico;panales_bebe;colchonetas;cobijas,medicamentos_sellados;ropa_usada_buen_estado;ropa_nueva,"La dirección no viene del anuncio del acopio sino del directorio de la sede (El Tiempo). Confirmar que ahí es donde reciben. · PIN SIN UBICAR: quedó en el centro de la ciudad, no en la dirección. Moverlo al editar. · SIN CONTACTO: conseguir teléfono o Instagram antes de poder verificar. · El Tiempo reporta 8am-5pm; Infobae dice 'entre 8:00 a.m. y 6:00 p.m., dependiendo del lugar'. Ninguna fuente da el horario punto por punto. Se carga como texto, sin franjas estructuradas: sin franjas UnAcopio no muestra el sello de 'Abierto ahora', que es justo lo correcto mientras nadie confirme.",Alcaldía de Medellín,https://www.medellin.gov.co/es/sala-de-prensa/noticias/en-10-puntos-se-recibiran-las-donaciones-para-enviar-desde-medellin-a-las-comunidades-afectadas-por-el-sismo/
Parque Biblioteca Belén,alcaldia,05001,Medellín,Carrera 76 # 18A-19,Belén,6.2240156,-75.5981252,,,,"Lunes a domingo, de 8:00 a.m. a 5:00 p.m. (por confirmar)",,agua_embotellada;no_perecederos;granos;aceite;enlatados;panela_azucar;jabon;cepillo_crema_dental;toallas_higienicas;papel_higienico;panales_bebe;colchonetas;cobijas,medicamentos_sellados;ropa_usada_buen_estado;ropa_nueva,"La dirección no viene del anuncio del acopio sino del directorio de la sede (Sistema de Bibliotecas Públicas de Medellín). Confirmar que ahí es donde reciben. · SIN CONTACTO: conseguir teléfono o Instagram antes de poder verificar. · El Tiempo reporta 8am-5pm; Infobae dice 'entre 8:00 a.m. y 6:00 p.m., dependiendo del lugar'. Ninguna fuente da el horario punto por punto. Se carga como texto, sin franjas estructuradas: sin franjas UnAcopio no muestra el sello de 'Abierto ahora', que es justo lo correcto mientras nadie confirme.",Alcaldía de Medellín,https://www.medellin.gov.co/es/sala-de-prensa/noticias/en-10-puntos-se-recibiran-las-donaciones-para-enviar-desde-medellin-a-las-comunidades-afectadas-por-el-sismo/
Parque Biblioteca San Javier (Pbro. José Luis Arroyave),alcaldia,05001,Medellín,Calle 42C # 95-50,San Javier,6.2547928,-75.6135718,,,,"Lunes a domingo, de 8:00 a.m. a 5:00 p.m. (por confirmar)",,agua_embotellada;no_perecederos;granos;aceite;enlatados;panela_azucar;jabon;cepillo_crema_dental;toallas_higienicas;papel_higienico;panales_bebe;colchonetas;cobijas,medicamentos_sellados;ropa_usada_buen_estado;ropa_nueva,"La dirección no viene del anuncio del acopio sino del directorio de la sede (Sistema de Bibliotecas Públicas de Medellín). Confirmar que ahí es donde reciben. · SIN CONTACTO: conseguir teléfono o Instagram antes de poder verificar. · El Tiempo reporta 8am-5pm; Infobae dice 'entre 8:00 a.m. y 6:00 p.m., dependiendo del lugar'. Ninguna fuente da el horario punto por punto. Se carga como texto, sin franjas estructuradas: sin franjas UnAcopio no muestra el sello de 'Abierto ahora', que es justo lo correcto mientras nadie confirme.",Alcaldía de Medellín,https://www.medellin.gov.co/es/sala-de-prensa/noticias/en-10-puntos-se-recibiran-las-donaciones-para-enviar-desde-medellin-a-las-comunidades-afectadas-por-el-sismo/
Parque Biblioteca Gabriel García Márquez,alcaldia,05001,Medellín,Carrera 80 # 104-04,Doce de Octubre,6.3043288,-75.5777593,,6045570392,,"Lunes a domingo, de 8:00 a.m. a 5:00 p.m. (por confirmar)",,agua_embotellada;no_perecederos;granos;aceite;enlatados;panela_azucar;jabon;cepillo_crema_dental;toallas_higienicas;papel_higienico;panales_bebe;colchonetas;cobijas,medicamentos_sellados;ropa_usada_buen_estado;ropa_nueva,"OJO: no confundir con el Parque Biblioteca Tomás Carrasquilla (La Quintana), que queda en Carrera 80 # 82-60. Son bibliotecas distintas y varias búsquedas las mezclan. · La dirección no viene del anuncio del acopio sino del directorio de la sede (Sistema de Bibliotecas Públicas de Medellín). Confirmar que ahí es donde reciben. · El Tiempo reporta 8am-5pm; Infobae dice 'entre 8:00 a.m. y 6:00 p.m., dependiendo del lugar'. Ninguna fuente da el horario punto por punto. Se carga como texto, sin franjas estructuradas: sin franjas UnAcopio no muestra el sello de 'Abierto ahora', que es justo lo correcto mientras nadie confirme.",Alcaldía de Medellín,https://www.medellin.gov.co/es/sala-de-prensa/noticias/en-10-puntos-se-recibiran-las-donaciones-para-enviar-desde-medellin-a-las-comunidades-afectadas-por-el-sismo/
Parque Biblioteca León de Greiff,alcaldia,05001,Medellín,Calle 59A # 36-30,La Ladera,6.2514525,-75.5538701,,6045570405,,"Lunes a domingo, de 8:00 a.m. a 5:00 p.m. (por confirmar)",,agua_embotellada;no_perecederos;granos;aceite;enlatados;panela_azucar;jabon;cepillo_crema_dental;toallas_higienicas;papel_higienico;panales_bebe;colchonetas;cobijas,medicamentos_sellados;ropa_usada_buen_estado;ropa_nueva,"La dirección no viene del anuncio del acopio sino del directorio de la sede (Sistema de Bibliotecas Públicas de Medellín). Confirmar que ahí es donde reciben. · El Tiempo reporta 8am-5pm; Infobae dice 'entre 8:00 a.m. y 6:00 p.m., dependiendo del lugar'. Ninguna fuente da el horario punto por punto. Se carga como texto, sin franjas estructuradas: sin franjas UnAcopio no muestra el sello de 'Abierto ahora', que es justo lo correcto mientras nadie confirme.",Alcaldía de Medellín,https://www.medellin.gov.co/es/sala-de-prensa/noticias/en-10-puntos-se-recibiran-las-donaciones-para-enviar-desde-medellin-a-las-comunidades-afectadas-por-el-sismo/
Biblioteca Pública El Poblado,alcaldia,05001,Medellín,Calle 3B Sur # 29B-56,"El Poblado (UVA Ilusión Verde, Los Naranjos)",6.2006197,-75.5636832,,,,"Lunes a domingo, de 8:00 a.m. a 5:00 p.m. (por confirmar)",,agua_embotellada;no_perecederos;granos;aceite;enlatados;panela_azucar;jabon;cepillo_crema_dental;toallas_higienicas;papel_higienico;panales_bebe;colchonetas;cobijas,medicamentos_sellados;ropa_usada_buen_estado;ropa_nueva,"La dirección no viene del anuncio del acopio sino del directorio de la sede (Red de Bibliotecas / Vivir en El Poblado). Confirmar que ahí es donde reciben. · PIN APROXIMADO (ubicado por barrio, aproximado). Verificarlo al editar. · SIN CONTACTO: conseguir teléfono o Instagram antes de poder verificar. · El Tiempo reporta 8am-5pm; Infobae dice 'entre 8:00 a.m. y 6:00 p.m., dependiendo del lugar'. Ninguna fuente da el horario punto por punto. Se carga como texto, sin franjas estructuradas: sin franjas UnAcopio no muestra el sello de 'Abierto ahora', que es justo lo correcto mientras nadie confirme.",Alcaldía de Medellín,https://www.medellin.gov.co/es/sala-de-prensa/noticias/en-10-puntos-se-recibiran-las-donaciones-para-enviar-desde-medellin-a-las-comunidades-afectadas-por-el-sismo/
Terminal del Norte (local 9840),empresa,05001,Medellín,Carrera 64C # 78-580,Caribe,6.2792353,-75.5707564,,6044448020,,"Lunes a domingo, de 8:00 a.m. a 5:00 p.m. (por confirmar)",,agua_embotellada;no_perecederos;granos;aceite;enlatados;panela_azucar;jabon;cepillo_crema_dental;toallas_higienicas;papel_higienico;panales_bebe;colchonetas;cobijas,medicamentos_sellados;ropa_usada_buen_estado;ropa_nueva,"El punto es el local 9840 dentro de la terminal. Preguntar por él al llamar. · La dirección no viene del anuncio del acopio sino del directorio de la sede (Terminales Medellín). Confirmar que ahí es donde reciben. · El Tiempo reporta 8am-5pm; Infobae dice 'entre 8:00 a.m. y 6:00 p.m., dependiendo del lugar'. Ninguna fuente da el horario punto por punto. Se carga como texto, sin franjas estructuradas: sin franjas UnAcopio no muestra el sello de 'Abierto ahora', que es justo lo correcto mientras nadie confirme.",Alcaldía de Medellín,https://www.medellin.gov.co/es/sala-de-prensa/noticias/en-10-puntos-se-recibiran-las-donaciones-para-enviar-desde-medellin-a-las-comunidades-afectadas-por-el-sismo/
Universidad EAFIT (placa cubierta),universidad,05001,Medellín,Carrera 49 # 7 Sur-50,El Poblado,6.2002022,-75.5784855,,6042619500,,"Lunes a domingo, de 8:00 a.m. a 5:00 p.m. (por confirmar)",,agua_embotellada;no_perecederos;granos;aceite;enlatados;panela_azucar;jabon;cepillo_crema_dental;toallas_higienicas;papel_higienico;panales_bebe;colchonetas;cobijas,medicamentos_sellados;ropa_usada_buen_estado;ropa_nueva,"La dirección no viene del anuncio del acopio sino del directorio de la sede (Universidad EAFIT). Confirmar que ahí es donde reciben. · El Tiempo reporta 8am-5pm; Infobae dice 'entre 8:00 a.m. y 6:00 p.m., dependiendo del lugar'. Ninguna fuente da el horario punto por punto. Se carga como texto, sin franjas estructuradas: sin franjas UnAcopio no muestra el sello de 'Abierto ahora', que es justo lo correcto mientras nadie confirme.",Alcaldía de Medellín,https://www.medellin.gov.co/es/sala-de-prensa/noticias/en-10-puntos-se-recibiran-las-donaciones-para-enviar-desde-medellin-a-las-comunidades-afectadas-por-el-sismo/
Hall de la Alcaldía de Medellín,alcaldia,05001,Medellín,Calle 44 # 52-165,La Alpujarra (Centro Administrativo Municipal),6.2697324,-75.6025597,,6044444144,,"Lunes a domingo, de 8:00 a.m. a 5:00 p.m. (por confirmar)",,agua_embotellada;no_perecederos;granos;aceite;enlatados;panela_azucar;jabon;cepillo_crema_dental;toallas_higienicas;papel_higienico;panales_bebe;colchonetas;cobijas,medicamentos_sellados;ropa_usada_buen_estado;ropa_nueva,"La dirección no viene del anuncio del acopio sino del directorio de la sede (Alcaldía de Medellín). Confirmar que ahí es donde reciben. · PIN SIN UBICAR: quedó en el centro de la ciudad, no en la dirección. Moverlo al editar. · El Tiempo reporta 8am-5pm; Infobae dice 'entre 8:00 a.m. y 6:00 p.m., dependiendo del lugar'. Ninguna fuente da el horario punto por punto. Se carga como texto, sin franjas estructuradas: sin franjas UnAcopio no muestra el sello de 'Abierto ahora', que es justo lo correcto mientras nadie confirme.",Alcaldía de Medellín,https://www.medellin.gov.co/es/sala-de-prensa/noticias/en-10-puntos-se-recibiran-las-donaciones-para-enviar-desde-medellin-a-las-comunidades-afectadas-por-el-sismo/
Librería Rodante Delfos,particular,05001,Medellín,Carrera 79 # 52A-23,Laureles-Estadio,6.2492382,-75.5886543,,3235403547,,"Lunes a domingo, de 8:00 a.m. a 5:00 p.m. (por confirmar)",,agua_embotellada;no_perecederos;granos;aceite;enlatados;panela_azucar;jabon;cepillo_crema_dental;toallas_higienicas;papel_higienico;panales_bebe;colchonetas;cobijas,medicamentos_sellados;ropa_usada_buen_estado;ropa_nueva,"Iniciativa de la red Reddhhpac, no de la Alcaldía. Es una librería: preguntar hasta cuándo reciben y en qué horario, que la fuente no lo dice. · PIN APROXIMADO (ubicado por barrio, aproximado). Verificarlo al editar. · El Tiempo reporta 8am-5pm; Infobae dice 'entre 8:00 a.m. y 6:00 p.m., dependiendo del lugar'. Ninguna fuente da el horario punto por punto. Se carga como texto, sin franjas estructuradas: sin franjas UnAcopio no muestra el sello de 'Abierto ahora', que es justo lo correcto mientras nadie confirme.",El Colombiano,https://www.elcolombiano.com/colombia/donde-donar-choco-centros-acopio-cuentas-oficiales-terremoto-colombia-KB39837058
Universidad de Antioquia — Proyecto Oficinas Estudiantiles (POE),universidad,05001,Medellín,"Calle 67 # 53-108, bloque 9 oficina 211B",Ciudad Universitaria,6.2673793,-75.5689131,,3235403547,,"Lunes a domingo, de 8:00 a.m. a 5:00 p.m. (por confirmar)",,agua_embotellada;no_perecederos;granos;aceite;enlatados;panela_azucar;jabon;cepillo_crema_dental;toallas_higienicas;papel_higienico;panales_bebe;colchonetas;cobijas,medicamentos_sellados;ropa_usada_buen_estado;ropa_nueva,"Reddhhpac. OJO: comparte el bloque 9 con el punto del Colectivo Afro UdeA; van a salir marcados como posible duplicado y NO lo son, son dos grupos distintos. Confirmar cuál recibe qué. · PIN APROXIMADO (ubicado por barrio, aproximado). Verificarlo al editar. · El Tiempo reporta 8am-5pm; Infobae dice 'entre 8:00 a.m. y 6:00 p.m., dependiendo del lugar'. Ninguna fuente da el horario punto por punto. Se carga como texto, sin franjas estructuradas: sin franjas UnAcopio no muestra el sello de 'Abierto ahora', que es justo lo correcto mientras nadie confirme.",El Colombiano,https://www.elcolombiano.com/colombia/donde-donar-choco-centros-acopio-cuentas-oficiales-terremoto-colombia-KB39837058
Colectivo Afro UdeA,particular,05001,Medellín,"Calle 67 # 53-108, bajos del bloque 9",Ciudad Universitaria,6.2673793,-75.5689131,,3114505940,,Lunes a viernes de 9:00 a.m. a 5:00 p.m.,,agua_embotellada;no_perecederos;granos;aceite;enlatados;panela_azucar;jabon;cepillo_crema_dental;toallas_higienicas;papel_higienico;panales_bebe;colchonetas;cobijas,ropa_usada_buen_estado;ropa_nueva,"Colectivo estudiantil. La fuente dice expresamente que NO está recibiendo ropa. El número es WhatsApp; también tienen correo colectivoafroudea@gmail.com. · PIN APROXIMADO (ubicado por barrio, aproximado). Verificarlo al editar. · El Tiempo reporta 8am-5pm; Infobae dice 'entre 8:00 a.m. y 6:00 p.m., dependiendo del lugar'. Ninguna fuente da el horario punto por punto. Se carga como texto, sin franjas estructuradas: sin franjas UnAcopio no muestra el sello de 'Abierto ahora', que es justo lo correcto mientras nadie confirme.",El Colombiano,https://www.elcolombiano.com/colombia/donde-donar-choco-centros-acopio-cuentas-oficiales-terremoto-colombia-KB39837058
Laika Agua Bendita,empresa,05001,Medellín,Calle 2 Sur # 32-54,,6.2697324,-75.6025597,,,,"Lunes a domingo, de 8:00 a.m. a 5:00 p.m. (por confirmar)",,alimento_perro;alimento_gato;guacales,,"SOLO MASCOTAS: comida y accesorios para perros y gatos. Es una tienda; confirmar horario y hasta cuándo reciben. · PIN SIN UBICAR: quedó en el centro de la ciudad, no en la dirección. Moverlo al editar. · SIN CONTACTO: conseguir teléfono o Instagram antes de poder verificar. · El Tiempo reporta 8am-5pm; Infobae dice 'entre 8:00 a.m. y 6:00 p.m., dependiendo del lugar'. Ninguna fuente da el horario punto por punto. Se carga como texto, sin franjas estructuradas: sin franjas UnAcopio no muestra el sello de 'Abierto ahora', que es justo lo correcto mientras nadie confirme.",El Tiempo,https://www.eltiempo.com/cultura/gente/asi-puede-donar-comida-y-articulos-para-mascotas-afectadas-por-el-terremoto-en-colombia-3577609
Laika Arkadia,empresa,05001,Medellín,Carrera 70 # 1-141,"Centro Comercial Arkadia, Guayabal",6.2123737,-75.594709,,,,"Lunes a domingo, de 8:00 a.m. a 5:00 p.m. (por confirmar)",,alimento_perro;alimento_gato;guacales,,"SOLO MASCOTAS. Está dentro del centro comercial: preguntar en qué local. · CONFLICTO ENTRE FUENTES: El Tiempo imprime la dirección como «Carrera 70 #1141», sin separador. Acá se interpretó como Carrera 70 # 1-141, que es la del CC Arkadia. CONFIRMAR. · SIN CONTACTO: conseguir teléfono o Instagram antes de poder verificar. · El Tiempo reporta 8am-5pm; Infobae dice 'entre 8:00 a.m. y 6:00 p.m., dependiendo del lugar'. Ninguna fuente da el horario punto por punto. Se carga como texto, sin franjas estructuradas: sin franjas UnAcopio no muestra el sello de 'Abierto ahora', que es justo lo correcto mientras nadie confirme.",El Tiempo,https://www.eltiempo.com/cultura/gente/asi-puede-donar-comida-y-articulos-para-mascotas-afectadas-por-el-terremoto-en-colombia-3577609
